{"stats":{"minecraft:used":{"minecraft:redstone_torch":3,"minecraft:piston":3,"minecraft:oak_leaves":32,"minecraft:stone_brick_slab":10,"minecraft:lever":4,"minecraft:brain_coral_fan":1,"minecraft:flint_and_steel":58,"minecraft:tnt":127,"minecraft:grass_block":12,"minecraft:spruce_stairs":40,"minecraft:stone_pressure_plate":1,"minecraft:granite":4,"minecraft:spruce_log":2},"minecraft:picked_up":{"minecraft:andesite":18,"minecraft:rotten_flesh":1,"minecraft:redstone_torch":1,"minecraft:cobblestone":27},"minecraft:custom":{"minecraft:time_since_rest":76060,"minecraft:open_chest":2,"minecraft:crouch_one_cm":4846,"minecraft:play_time":76060,"minecraft:sprint_one_cm":6867,"minecraft:walk_one_cm":42511,"minecraft:sneak_time":2950,"minecraft:trigger_trapped_chest":2,"minecraft:walk_under_water_one_cm":10442,"minecraft:jump":132,"minecraft:damage_dealt":190,"minecraft:leave_game":5,"minecraft:walk_on_water_one_cm":1953,"minecraft:time_since_death":76060,"minecraft:total_world_time":76060,"minecraft:fly_one_cm":344517},"minecraft:mined":{"minecraft:tnt":1}},"DataVersion":3465}