{"SURVIVAL":{"armorContents":{},"inventoryContents":{"0":{"==":"org.bukkit.inventory.ItemStack","v":3465,"type":"COMPASS","meta":{"==":"ItemMeta","meta-type":"COMPASS","display-name":"{\"extra\":[{\"bold\":false,\"italic\":false,\"underlined\":false,\"strikethrough\":false,\"obfuscated\":false,\"color\":\"dark_gray\",\"text\":\"★  \"},{\"italic\":false,\"color\":\"gold\",\"text\":\"Menu \"},{\"italic\":false,\"color\":\"dark_gray\",\"text\":\"★  \"},{\"italic\":false,\"color\":\"gray\",\"text\":\"(Right button)\"}],\"text\":\"\"}","ItemFlags":["HIDE_ENCHANTS","HIDE_ATTRIBUTES","HIDE_UNBREAKABLE","HIDE_DESTROYS","HIDE_PLACED_ON","HIDE_POTION_EFFECTS","HIDE_DYE","HIDE_ARMOR_TRIM"]}},"1":{"==":"org.bukkit.inventory.ItemStack","v":3465,"type":"MILK_BUCKET","meta":{"==":"ItemMeta","meta-type":"UNSPECIFIC","display-name":"{\"extra\":[{\"bold\":false,\"italic\":false,\"underlined\":false,\"strikethrough\":false,\"obfuscated\":false,\"color\":\"dark_gray\",\"text\":\"★  \"},{\"italic\":false,\"color\":\"gold\",\"text\":\"Game Modes \"},{\"italic\":false,\"color\":\"dark_gray\",\"text\":\"★  \"},{\"italic\":false,\"color\":\"gray\",\"text\":\"(Right button)\"}],\"text\":\"\"}","ItemFlags":["HIDE_ENCHANTS","HIDE_ATTRIBUTES","HIDE_UNBREAKABLE","HIDE_DESTROYS","HIDE_PLACED_ON","HIDE_POTION_EFFECTS","HIDE_DYE","HIDE_ARMOR_TRIM"]}},"4":{"==":"org.bukkit.inventory.ItemStack","v":3465,"type":"PLAYER_HEAD","meta":{"==":"ItemMeta","meta-type":"SKULL","display-name":"{\"extra\":[{\"bold\":false,\"italic\":false,\"underlined\":false,\"strikethrough\":false,\"obfuscated\":false,\"color\":\"dark_gray\",\"text\":\"★  \"},{\"italic\":false,\"color\":\"gold\",\"text\":\"Profile \"},{\"italic\":false,\"color\":\"green\",\"text\":\"TheAmonMC \"},{\"italic\":false,\"color\":\"dark_gray\",\"text\":\"★  \"},{\"italic\":false,\"color\":\"gray\",\"text\":\"(Right button)\"}],\"text\":\"\"}","ItemFlags":["HIDE_ENCHANTS","HIDE_ATTRIBUTES","HIDE_UNBREAKABLE","HIDE_DESTROYS","HIDE_PLACED_ON","HIDE_POTION_EFFECTS","HIDE_DYE","HIDE_ARMOR_TRIM"]}}},"potions":[],"offHandItem":{"==":"org.bukkit.inventory.ItemStack","v":3465,"type":"AIR","amount":0},"enderChestContents":{},"stats":{"ex":"0.755","ma":"300","fl":"20","el":"0","hp":"20.0","xp":"0.0","txp":"0","sa":"5.0","ft":"-20","fd":"0.0","ra":"300"}}}